<?xml version="1.0" encoding="UTF-8"?>
<project name="module_stationary" default="compile.module.stationary">
  <dirname property="module.stationary.basedir" file="${ant.file.module_stationary}"/>
  
  <property name="module.jdk.home.stationary" value="${project.jdk.home}"/>
  <property name="module.jdk.bin.stationary" value="${project.jdk.bin}"/>
  <property name="module.jdk.classpath.stationary" value="${project.jdk.classpath}"/>
  
  <property name="compiler.args.stationary" value="-encoding UTF-8 -source 8 -target 8 ${compiler.args}"/>
  
  <property name="stationary.output.dir" value="${module.stationary.basedir}/out/production/Stationary"/>
  <property name="stationary.testoutput.dir" value="${module.stationary.basedir}/out/test/Stationary"/>
  
  <path id="stationary.module.bootclasspath">
    <!-- Paths to be included in compilation bootclasspath -->
  </path>
  
  <path id="stationary.module.production.classpath">
    <path refid="${module.jdk.classpath.stationary}"/>
    <path refid="library.mysql-connector-java-5.1.49-bin.classpath"/>
  </path>
  
  <path id="stationary.runtime.production.module.classpath">
    <pathelement location="${stationary.output.dir}"/>
    <path refid="library.mysql-connector-java-5.1.49-bin.classpath"/>
  </path>
  
  <path id="stationary.module.classpath">
    <path refid="${module.jdk.classpath.stationary}"/>
    <pathelement location="${stationary.output.dir}"/>
    <path refid="library.mysql-connector-java-5.1.49-bin.classpath"/>
  </path>
  
  <path id="stationary.runtime.module.classpath">
    <pathelement location="${stationary.testoutput.dir}"/>
    <pathelement location="${stationary.output.dir}"/>
    <path refid="library.mysql-connector-java-5.1.49-bin.classpath"/>
  </path>
  
  
  <patternset id="excluded.from.module.stationary">
    <patternset refid="ignored.files"/>
  </patternset>
  
  <patternset id="excluded.from.compilation.stationary">
    <patternset refid="excluded.from.module.stationary"/>
  </patternset>
  
  <path id="stationary.module.sourcepath">
    <dirset dir="${module.stationary.basedir}">
      <include name="src"/>
    </dirset>
  </path>
  
  
  <target name="compile.module.stationary" depends="compile.module.stationary.production,compile.module.stationary.tests" description="Compile module Stationary"/>
  
  <target name="compile.module.stationary.production" depends="register.custom.compilers" description="Compile module Stationary; production classes">
    <mkdir dir="${stationary.output.dir}"/>
    <javac2 destdir="${stationary.output.dir}" debug="${compiler.debug}" nowarn="${compiler.generate.no.warnings}" memorymaximumsize="${compiler.max.memory}" fork="true" executable="${module.jdk.bin.stationary}/javac">
      <compilerarg line="${compiler.args.stationary}"/>
      <bootclasspath refid="stationary.module.bootclasspath"/>
      <classpath refid="stationary.module.production.classpath"/>
      <src refid="stationary.module.sourcepath"/>
      <patternset refid="excluded.from.compilation.stationary"/>
    </javac2>
    
    <copy todir="${stationary.output.dir}">
      <fileset dir="${module.stationary.basedir}/src">
        <patternset refid="compiler.resources"/>
        <type type="file"/>
      </fileset>
    </copy>
  </target>
  
  <target name="compile.module.stationary.tests" depends="register.custom.compilers,compile.module.stationary.production" description="compile module Stationary; test classes" unless="skip.tests"/>
  
  <target name="clean.module.stationary" description="cleanup module">
    <delete dir="${stationary.output.dir}"/>
    <delete dir="${stationary.testoutput.dir}"/>
  </target>
</project>